id,station,date,reporter,issue,status,dev_note
FB-001,Unit 3 Others,24/06/2025,Janarththan,12 IP20 120 Speech gap,Open,i can't do for single one can do it for every think
FB-002,Unit 3 Others,24/06/2025,Janarththan,Next order moving auto,Done,
FB-003,Unit 3 Others,24/06/2025,Janarththan,Merge order should be shown fully and each component mentioned,Done,
FB-004,Unit 3 Others,24/06/2025,Janarththan,International showing as UK,Done,
FB-005,Unit 3 Others,24/06/2025,Janarththan,"3 types of pipe (not painted, black, galvanized)",Open,i can't do for single one can do it for every think
FB-006,Unit 3 Others,25/06/2025,Matheesan,next day sticker speak,Open,not found in the packlist
FB-007,Unit 3 Others,25/06/2025,Matheesan,hold button create,Done,
FB-008,Unit 3 Others,25/06/2025,Matheesan,"services telling - evri, royal mail",Open,not found in the packlist
FB-009,Unit 3 Others,25/06/2025,Matheesan,2 times speak,Done,
FB-010,Unit 3 Others,25/06/2025,Matheesan,re speak button,Done,
FB-011,Unit 3 Others,25/06/2025,Matheesan,"prime,cable, transformer,others telling speak then continue",Open,i can't do for single one can do it for every think
FB-012,Unit 3 Others,25/06/2025,Matheesan,pause button not complte work,Done,
FB-013,Unit 3 Others,26/06/2025,Janarththan,cable 10 meter speak,Done,
FB-014,Unit 3 Others,26/06/2025,Janarththan,total component,Done,
FB-015,Unit 3 Others,26/06/2025,Janarththan,3 CORE BROWN 10 METER,Done,
FB-016,Unit 3 Others,26/06/2025,Janarththan,SLOW DOWN SPEAK,Done,
FB-017,Unit 3 Others,26/06/2025,Janarththan,NAME QUANTITY NOT,Done,
FB-018,Unit 3 Others,26/06/2025,Janarththan,after postcode free gap need,Done,
FB-019,Unit 3 Others,26/06/2025,Janarththan,telling combo start & end,Done,
FB-020,Unit 3 Others,26/06/2025,Janarththan,hold screen shot,Done,
FB-021,Unit 3 Others,26/06/2025,Janarththan,mapping merge,Done,
FB-022,Unit 3 Others,29/06/2025,Janarththan,24 IP67 150 Watts - Sixy seven thousand ???,Done,
FB-023,Unit 3 Others,29/06/2025,Janarththan,Sometimes next not working,Done,
FB-024,Unit 3 Others,29/06/2025,Janarththan,Don't auto moving to next order,Done,
FB-025,Unit 3 Others,07/07/2025,Atisraj,Address Issue Cant Show,Done,
FB-026,Unit 3 Others,07/07/2025,Atisraj,IP20 000 issue,Done,
FB-027,Unit 3 Others,07/07/2025,Atisraj,z ahh c endu speaking issue,Done,
FB-028,Unit 3 Others,07/07/2025,Atisraj,automatic hold issue,Done,
FB-029,Unit 3 Others,07/07/2025,Atisraj,Quantity should be with meters for cables,Done,
FB-030,Unit 3 Others,08/07/2025,Atisraj,Us english female voice mathiri Uk english voice vantha better,Done,
FB-031,Unit 3 Others,08/07/2025,Atisraj,Cables Quantity 5 endu varama 5 Meter endu varanum,Done,
FB-032,Unit 3 Others,08/07/2025,Atisraj,12 voltage endu add aakanum,Open,this is for add name sheet
FB-033,Unit 3 Others,08/07/2025,Atisraj,12 ip20 20  idaila gap varanum,Done,
FB-034,Unit 3 Others,08/07/2025,Atisraj,Automatic Hold Issue,Done,
FB-035,Unit 3 Others,09/07/2025,Matheesan,merge & combo orders same time both names speak,Open,not possible for this
FB-036,Unit 3 Others,10/07/2025,Matheesan,merge & combo orders same time both names speak,Open,not possible for this
FB-037,Unit 3 Others,13/07/2025,Janarththan,Post code not shown when 2 postcode same,Done,
FB-038,Unit 3 Others,13/07/2025,Janarththan,Merge and combo product should be speak auto one after other,Open,i can't do for single one can do it for every think
FB-039,Unit 3 Others,13/07/2025,Janarththan,Color code issue,Done,
FB-040,Unit 3 Others,15/07/2025,Matheesan,PE11 3TY wrong speak 20 thousand,Done,
FB-041,Unit 3 Others,15/07/2025,Matheesan,combo orders like speak merge,Done,
FB-042,Unit 3 Others,15/07/2025,Matheesan,2625-717 international address showing uk name,Done,
FB-043,Unit 3 Others,16/07/2025,Pirakasana,SPSDP2BMY - add the name of black cord grip gold top,Done,
FB-044,Unit 3 Others,16/07/2025,Pirakasana,accessories image sethu vantha kaanum,Done,
FB-045,Unit 3 Others,16/07/2025,Pirakasana,cable 5m kku 1m endu solluthu CT20 2ED,Done,
FB-046,Unit 3 Others,18/07/2025,Pirakasana,"HG4 1JR , CR0 8TA ,TQ2 8NE ,KT11 1HW Next sollum pothu play akala",Open,some times i think for network error
FB-047,Unit 3 Others,21/07/2025,Pirakasana,prime speak tool next sollum pothu play akala,Open,
FB-048,Unit 3 Others,23/07/2025,Matheesan,IP20 000 issue,Open,
FB-049,Unit 3 Others,25/07/2025,PIRAKASANA,TRANSFORMER SPEAK TOOL WRONG,Open,
FB-050,Unit 3 Others,27/07/2025,PIRAKASANA,M22 9A2 000 ISSUE,Open,
FB-051,Unit 3 Others,27/07/2025,PIRAKASANA,RH19 1SE  DONT TELL COLOUR,Open,
FB-052,Unit 3 Others,25/07/2025,PIRAKASANA,TF2 8NP SPEAK  GOLDTOP,Open,
FB-053,Unit 3 Others,08/08/2025,PIRAKASANA,LU1 4EL    SPEAK 1M,Open,
FB-054,Unit 3 Others,12/08/2025,Pirakasana,SP11 6TQ   not speak quantity,Open,
FB-055,Unit 3 Others,19/08/2025,Pirakasana,next sollum pothu play akala,Open,
FB-056,Unit 3 Others,15/09/2025,Matheesan,"cusomer note not shoes in speak tool plz shortout, plz activate speak postcode urgent",Open,
FB-057,Unit 3 Others,02/10/2025,Matheesan,not add note in packlist,Unset,
FB-058,Unit 3 Others,07/10/2025,Matheesan,mapping issue see above picture,Open,
FB-059,Unit 3 Lampshade,01.08.2025,,Unit 4 Change panninathu ellam unit 3 change pannanum,Unset,Sheet copied from Unit 4
FB-060,Unit 3 Lampshade,06.08.2025,,QR sollanum,Unset,
FB-061,Unit 3 Lampshade,06.08.2025,,reducer plate sollanum,Unset,
FB-062,Unit 3 Lampshade,06.08.2025,,nextday sticker sollanum,Unset,
FB-063,Unit 3 Lampshade,06.08.2025,,BB4 4JY  mount vara koodaathu packlistla ullathu varanum (Mapping),Unset,
FB-064,Unit 3 Lampshade,06.08.2025,,last ahh merge order ellam postcode varekka all pack irukkanum,Unset,
FB-065,Unit 3 Lampshade,06.08.2025,,BS39 4nn mount vara koodaathu packlistla ullathu varanum (Mapping),Unset,
FB-066,Unit 3 Lampshade,06.08.2025,,packlistla first ahh free bulb vara mathiri set pannaddam,Unset,
FB-067,Unit 3 Lampshade,08.08.2025,,ella colour shades varekka ondu onda edukka kastam serththu varanum,Unset,
FB-068,Unit 3 Lampshade,08.08.2025,,CRFF2008BM  CBFF200BM accessories sernthu varanum,Unset,
FB-069,Unit 3 Lampshade,08.13.2025,,first bulb and next shade vaara mathiri seiyaddaam,Unset,
FB-070,Unit 3 Lampshade,08.19.2025,,QR sollala,Unset,
FB-071,Unit 3 Lampshade,08.19.2025,,same postcode customer varathala merge order mathir varuthu (Important),Unset,
FB-072,Unit 3 Lampshade,08.19.2025,,name master sheet la change pannathu maarala,Unset,
FB-073,Unit 3 Lampshade,08.19.2025,,merge order ellam full ahh varanum,Unset,
FB-074,Unit 3 Lampshade,08.20.2025,,michcha products varella free bulb halfting holder,Unset,
FB-075,Unit 3 Lampshade,08.20.2025,,Different postcodes for these 2 combo orders,Unset,
FB-076,Unit 3 Lampshade,08.20.2025,,LDMG125E278,Unset,
FB-077,Unit 3 Lampshade,08.27.2025,,note speak pnnannum,Unset,
FB-078,Unit 3 Lampshade,08.27.2025,,qr silathukku solluthu illa,Unset,
FB-079,Unit 3 Lampshade,08.27.2025,,RMI orderum 2-4 1st orderum merge ahh vanthu7 irukku,Unset,
FB-080,Unit 3 Lampshade,08.29.2025,,shade kadasi ahh varanum aam,Unset,
FB-081,Unit 3 Lampshade,25.09.2025,,plz activate speak postcode urgent,Unset,
FB-082,Unit 4,02/06/2025,Janarththan,Skip issue,Done,Did not skip while testing in our own device but skipping in remote PC
FB-083,Unit 4,02/06/2025,Janarththan,Mic icon disappear,Done,Still disappearing
FB-084,Unit 4,02/06/2025,Janarththan,GB - Gigabyte acronyms,Done,Still appears
FB-085,Unit 4,02/06/2025,Janarththan,"While speaking, listen to out commands",Done,Works
FB-086,Unit 4,02/06/2025,Janarththan,Back and stop command issue,Done,Back command works
FB-087,Unit 4,02/06/2025,Janarththan,Naming issue,Done,
FB-088,Unit 4,02/06/2025,Janarththan,Color code not added,Done,
FB-089,Unit 4,04/06/2025,Janarththan,Acronym issue - st for street,Done,
FB-090,Unit 4,04/06/2025,Janarththan,Mic icon disappear,Done,
FB-091,Unit 4,04/06/2025,Janarththan,Stop and Run command not working,Done,
FB-092,Unit 4,04/06/2025,Janarththan,Stopped speaking until use the next button or voice command given,Done,
FB-093,Unit 4,04/06/2025,Janarththan,Order time delay with the quantity of the product,Done,
FB-094,Unit 4,04/06/2025,Janarththan,Combo and multi-line product packlist,Done,
FB-095,Unit 4,19/06/2025,Janarththan,Mapping full set image should be shown,Done,
FB-096,Unit 4,19/06/2025,Janarththan,with Reducer plate product shouldn't be shown separate,Done,
FB-097,Unit 4,19/06/2025,Janarththan,"When postcode, voice command not working",Done,
FB-098,Unit 4,19/06/2025,Janarththan,Postcode took long time,Done,
FB-099,Unit 4,23/06/2025,Janarththan,Speech gap between Quantity and postcode,Done,
FB-100,Unit 4,23/06/2025,Janarththan,"Mention if it is First class, International orders",Done,
FB-101,Unit 4,23/06/2025,Janarththan,Speak quantity first then product name,Done,
FB-102,Unit 4,23/06/2025,Janarththan,Orders are auto moving to next order,Done,
FB-103,Unit 4,23/06/2025,Janarththan,"Merge orders should mentioned with their total components and speak Componenet 1, component 2, etc.... and last Postcode",Done,
FB-104,Unit 4,23/06/2025,Janarththan,Multi and merge orders components should be shown infront of the order,Done,
FB-105,Unit 4,04/07/2025,Janarththan,Z kku Zee pronunciation,Done,
FB-106,Unit 4,04/07/2025,Janarththan,Combo image is showing but for one order It's not showing,Done,
FB-107,Unit 4,04/07/2025,Janarththan,Combo 1:  for single product  don't say,Done,
FB-108,Unit 4,04/07/2025,Janarththan,Is it possible to speed up the speech,Done,
FB-109,Unit 4,04/07/2025,Janarththan,Post code not shown/speak issue,Done,
FB-110,Unit 4,04/07/2025,Janarththan,Next command not working twice when speak,Done,
FB-111,Unit 4,08/07/2025,Janarththan,Quantity varela,Done,
FB-112,Unit 4,08/07/2025,Janarththan,for single product orders - don't have to speak twice,Done,
FB-113,Unit 4,08/07/2025,Janarththan,Combo products image not shown,Done,
FB-114,Unit 4,08/07/2025,Janarththan,Not all the combo product image shown,Done,
FB-115,Unit 4,09/07/2025,Janarththan,Reducer plate name is not shown,Done,
FB-116,Unit 4,09/07/2025,Janarththan,Post code not shown when 2 postcode same,Open,
FB-117,Unit 4,09/07/2025,Janarththan,Do back command works?,Done,
FB-118,Unit 4,10/07/2025,Janarththan,Reducer Plate not said,Done,
FB-119,Unit 4,11/07/2025,Janarththan,"Speak Speed Normal x1, Fast x.1.25, Very fast x.1.5",Done,
FB-120,Unit 4,11/07/2025,Janarththan,for Amazon 2 Day Small orders - speak S label 2 kilos,Open,
FB-121,Unit 4,11/07/2025,Janarththan,Next Command not FAST enough,Done,
FB-122,Unit 4,11/07/2025,Janarththan,Mapping bulb is not shown,Done,
FB-123,Unit 4,14/07/2025,Janarththan,Mapping bulb is not shown,Done,
FB-124,Unit 4,14/07/2025,Janarththan,Mapping not shown in combo,Done,
FB-125,Unit 4,14/07/2025,Janarththan,Merge order said once instead of nuber of total orders,Done,
FB-126,Unit 4,14/07/2025,Janarththan,Mapping bulb is not shown,Done,
FB-127,Unit 4,17/07/2025,Janarththan,Mapping bulb is not shown,Done,
FB-128,Unit 4,17/07/2025,Janarththan,Change the speaking speed to default,Done,
FB-129,Unit 4,17/07/2025,Janarththan,Next Command not FAST enough,Done,
FB-130,Unit 4,17/07/2025,Janarththan,Merge order said once instead of number of total orders - merge order endu orukka sonna OK,Done,
FB-131,Unit 4,18/07/2025,Atisraj,same postcode issue 1st order cant speak post code,Done,
FB-132,Unit 4,21/07/2025,Janarththan,Next command is not listening enough,Open,
FB-133,Unit 4,22/07/2025,Janarththan,Next command is not listening enough getting tired from it,Open,
FB-134,Unit 4,23/07/2025,Janarththan,Combo image not shown,Done,
FB-135,Unit 4,23/07/2025,Janarththan,For merge orders all the components needs to be shown,Done,
FB-136,Unit 4,06/08/2025,Janarththan,Make the note availabel in speak tool but don't speak,Open,
FB-137,Unit 4,07/08/2025,Janarththan,Create a one names sheet and link to all other speak tool sheets,Done,
FB-138,Unit 4,08/08/2025,Janarththan,IP 20 Thousand issue,Open,I changed the name for IP20 transformers
FB-139,Unit 4,19/08/2025,Janarththan,Postcode button not working,Done,
FB-140,Unit 4,19/08/2025,Janarththan,"Not need merge order total 2: merge order 1, just say Merge Order and meger order all the components needs to show",Open,
FB-141,Schmutter,2025-07-09,,The speaking tool activation process takes some time. Please simplify the process to make it easier to activate,Done,
FB-142,Schmutter,2025-07-09,,"The speaking tool pack list needs to include more details, similar to our previous pack list. (Listing image, listing title)",Open,not possible for this
FB-143,Schmutter,2025-07-09,,The reducer plate name was not mentioned when ordering the only lamp shade,Done,
FB-144,Schmutter,2025-07-09,,It currently requires speaking twice and takes some time. We need it to work with just one attempt.,Done,
FB-145,Schmutter,2025-07-09,,Merged orders need to be shown as a single view in the pack list.,Open,not possible for this
FB-146,Schmutter,2025-07-09,,"We need two separate buttons: one for accessing product details and another for label number. This is because the label number is confirmed only after packing, so a second button is required specifically for telling the label number.",Done,
FB-147,Schmutter,2025-07-10,,"Sometimes, the label number is not mentioned in the speaking tool.",Done,
FB-148,Schmutter,2025-09-01,,postcode first number 0 not showing speeking tool,Unset,
FB-149,Schmutter,2025-09-01,,some times after speak wrong number like 53881 speak tool,Unset,
FB-150,Schmutter,2025-09-03,,quantity not show,Open,
FB-151,Schmutter,2025-09-03,,post code 00049,Open,
FB-152,Schmutter,2025-09-04,,merge single order,Open,
FB-153,Schmutter,2025-09-04,,not add marge,Open,
FB-154,Schmutter,2025-09-15,,speak tool updates (merge order) ellarm germen pack list kum  marthanum kronen & schmutter,Open,
FB-155,Kronen,2025-07-09,,The speaking tool activation process takes some time. Please simplify the process to make it easier to activate,Done,
FB-156,Kronen,2025-07-09,,"The speaking tool pack list needs to include more details, similar to our previous pack list. (Listing image, listing title)",Open,not possible for this
FB-157,Kronen,2025-07-09,,"In the speaking tool, the transformer details should be provided in the following order:
First – Transformer type (IP20 or IP67)
Second – Voltage
Third – Wattage",Done,
FB-158,Kronen,2025-07-09,,It currently requires speaking twice and takes some time. We need it to work with just one attempt.,Done,
FB-159,Kronen,2025-07-09,,Merged orders need to be shown as a single view in the pack list.,Open,not possible for this
FB-160,Kronen,2025-07-09,,"We need two separate buttons: one for accessing product details and another for label number. This is because the label number is confirmed only after packing, so a second button is required specifically for telling the label number.",Done,
